company_name,title,education,career,deadline,skill
(주)소만사,가상화 SW 솔루션(VDI) 기술지원 엔지니어,학력무관,경력 4년↑ · 정규직,2024.12.20,"임베디드,S/W,RA,AUTOSAR,개발PM"
피씨엔오티(주),PLC제어/CS • 전장 제작 • 전장 설계 • S/W 개발자 채용,학력무관,경력 · 정규직 외,2024.12.22,"보안컨설팅,감사,전산회계,계산서발행,관리회계"
(주)테크웨이즈,[㈜테크웨이즈 기술영업 및 기술지원 신입.경력사원 모집,"대학(2,3년)↑",경력 6년↑ · 정규직,2024.12.15,"기술지원,정보보안,SE(시스템엔지니어),솔루션,DLP"
루펜티스(주),[반얀트리 해운대 부산] 신입 및 경력직 공개 채용,고졸↑,신입 · 경력 · 정규직,2024.12.18,"유지보수,머신러닝,알고리즘,영상처리,임베디드"
에이에이씨티(유),[인천공항] AACT 화물터미널 각 부문 신입/경력 정규직 모집,"대학(2,3년)↑",신입 · 경력 · 정규직,2024.12.08,"기술지원,네트워크,자율주행,정보통신,와이어샤크"
(주)테크웨이즈,[㈜테크웨이즈] 각 부문별 신입·경력사원 모집,학력무관,신입 · 경력 · 정규직 외,2024.12.18,"유지보수,전산회계,급여(Payroll),원가관리,원가회계"
(주)콤텍시스템,[(주)콤텍시스템] S대기업 계열 고객사 네트워크 엔지니어 채용,학력무관,신입 · 경력 · 정규직,2024.12.18,"백엔드/서버개발,보안컨설팅,유지보수,정보보안,QA/테스터"
(주)소만사,가상화SW솔루션(VDI) 운영관리자(고객사 출퇴근),고졸↑,신입 · 경력 · 정규직,2024.12.08,"기술지원,SE(시스템엔지니어),SI개발,네트워크,솔루션"
아우토크립트(주),Back-End개발자(팀장급),"대학(2,3년)↑",경력 5년↑ · 정규직 외,2024.01.03,"네트워크,정보통신,유지보수,네트워크엔지니어"
(주)에스티에이테스팅컨설팅,시험인증(KOLAS) 기술책임자(팀장급) 인재채용,"대학(2,3년)↑",경력무관 · 계약직,2024.12.15,"기술지원,정보보안,SE(시스템엔지니어),VDI,VMware"
(주)에스티에이테스팅컨설팅,테스트자동화 엔지니어(팀장급) 인재채용,대학교(4년)↑,경력 8년↑ · 정규직,2024.02.03,"백엔드/서버개발,앱개발,네트워크,C#,C++"
아우토크립트(주),윈도우 어플리케이션 개발자(팀장급),"대학(2,3년)↑",경력 8년↑ · 정규직,2024.12.31,"기술지원,데이터분석가,유지보수,IT컨설팅,QA/테스터"
아우토크립트(주),기술지원 리더,"대학(2,3년)↑",경력 8년↑ · 정규직,2024.12.31,"기술지원,데이터분석가,유지보수,IT컨설팅,QA/테스터"
비와이아이엔씨(주),"스마트팩토리 구축 SI 개발자, 전장 설계 공고 (경력직)",대학교(4년)↑,경력 8년↑ · 정규직,2024.02.03,"앱개발,프론트엔드,네트워크,Windows,C#"
비와이아이엔씨(주),"서귀포시 응용SW개발유지보수JAVA,Oracle",대학교(4년)↑,경력 5년↑ · 정규직,2024.02.03,"기술지원,네트워크,임베디드,C++,Java"
(주)피코이노베이션,여의도 전산시스템유지보수(OP장비관리)초중급엔지니어,학력무관,경력 3년↑ · 정규직,2024.12.31,"백엔드/서버개발,앱개발,웹개발,프론트엔드,DBA"
삼양데이타시스템(주),"Java, Spring 개발/물류영업/CS 매니저/영업 제휴/물류관리자","대학(2,3년)↑",3 ~ 5년 · 정규직 외,2024.12.21,"백엔드/서버개발,유지보수,Eclipse,Java,JSP"
(주)케이엠헬스케어,그룹 AD/메일/M365 시스템 운영 인력 채용,"대학(2,3년)↑",1 ~ 5년 · 정규직 외,2024.12.31,"기술지원,유지보수,인프라,클라우드,아키텍쳐"
넷킬러(주),"의료산업 개발자 팀 리더급 인재 채용 (C#, Oracle/MSSQL)",학력무관,신입 · 경력 · 정규직 외,2024.12.14,"데이터엔지니어,백엔드/서버개발,앱개발,웹개발,유지보수"
비와이아이엔씨(주),(IT 넷킬러) 영업팀 영업사무 하반기 정규직 모집,대학교(4년)↑,경력무관 · 계약직,2024.01.18,"네트워크,인프라,DLP,IIS,Windows"
(주)인티그리트,여의도 서버엔지니어NT외 상주유지보수 금융기관 초중급엔지니,학력무관,경력 7년↑ · 정규직,2024.12.22,"기술지원,데이터분석가,데이터엔지니어,백엔드/서버개발,보안컨설팅"
하이엠케이(주),"지능형 로보틱스, 차세대 AI 하드웨어 (HW) 개발","대학(2,3년)↑",경력무관 · 정규직,,"웹개발,정보보안,네트워크,영업관리,영업지원"
(주)폴리인스퍼레이션,[LS머트리얼즈 자회사]하이엠케이 영업/회계/설비관리 채용,"대학(2,3년)↑",4 ~ 7년 · 정규직 외,2024.01.03,"기술지원,백엔드/서버개발,유지보수,인프라,WONDOW"
(주)케이엘넷,"폴리인스퍼레이션 채용 (캠퍼스지원,마케팅,R&D,IT,재무,출판)",학력무관,경력 3년↑ · 정규직,2024.12.14,"알고리즘,임베디드,자율주행,정보통신,H/W"
(주)에코이앤이,각 부문 신입/경력 채용공고,"대학(2,3년)↑",경력 4년↑ · 정규직,2024.12.24,"SAP,감사,기업회계,세무회계,재무회계"
(주)영신디엔씨,에코이앤이 영업부문 채용,학력무관,신입 · 경력 · 정규직,2024.01.04,"AI(인공지능),급여(Payroll),기업회계,법인결산,법인세신고"
(주)사조시스템즈,㈜영신디엔씨 각 부문 신입 및 경력 채용,"대학(2,3년)↑",신입 · 경력 · 정규직 외,2024.12.15,"데이터분석가,데이터엔지니어,백엔드/서버개발,앱개발,웹개발"
(주)천재교육,"IT 운영/개발 담당자 채용의 건(JAVA, ASP.NET)","대학(2,3년)↑",경력무관 · 정규직,2024.12.19,"SAP,기술영업,영업관리,영업직,건설영업"
아우토크립트(주),[천재교육] IT본부 AIDT인프라팀 부문별 담당자 채용,대학교(4년)↑,신입 · 경력 · 정규직 외,2024.12.15,"H/W,S/W,CSS,HTML,Java"
(주)디알젬,아우토크립트 인재풀,대학교(4년)↑,신입 · 경력 · 정규직,2024.12.15,"웹개발,웹마스터,SE(시스템엔지니어),웹표준·웹접근성,.NET"
메이저월드(주),본사 각 부문별 채용,"대학(2,3년)↑",경력 2년↑ · 정규직 외,2024.01.04,"데이터엔지니어,백엔드/서버개발,앱개발,DBA,네트워크"
마키타엔지니어링코리아(주),2024년 하반기 정시 채용(신입/경력),학력무관,경력무관 · 정규직 외,2024.02.03,"데이터분석가,데이터엔지니어,백엔드/서버개발,보안컨설팅,앱개발"
주식회사 핌아시아,[직영] DYB최선어학원 각부문 STAFF 모집,"대학(2,3년)↑",신입 · 경력 · 정규직,2024.12.20,"앱개발,QA/테스터,SE(시스템엔지니어),머신러닝,알고리즘"
부산대학교지능물류빅데이터연구소,Software/Hardware개발연구원 모집,학력무관,신입 · 경력 · 정규직,2024.12.12,"백엔드/서버개발,앱개발,웹개발,SE(시스템엔지니어),DBMS"
(주)신한은행,[핌아시아 떠리몰] 이커머스 MD/개발/서비스기획/마케팅/디자인,대학교(4년)↑,신입 · 경력 · 정규직,2024.01.14,"영상처리,교육행정,시설관리,Excel,OA"
한국영상대학교,부산대 K-디지털 트레이닝 SW코딩 취업무료교육 상시모집,학력무관,경력 · 정규직,2024.12.11,"QA/테스터,SE(시스템엔지니어),알고리즘,임베디드,펌웨어"
(주)데이터쿡,[신한은행] 리스크퀀트 경력직 채용,"대학(2,3년)↑",경력 · 정규직,2024.12.31,"데이터엔지니어,백엔드/서버개발,앱개발,웹개발,프론트엔드"
유니닥스(주),한국영상대학교 직원 채용 공고,학력무관,경력무관 · 교육생,2024.12.15,"기술지원,백엔드/서버개발,앱개발,웹개발,유지보수"
(주)글로벌스탠다드테크놀로지,웹개발  / 웹기획 / UIUX디자이너 / 퍼블리셔 (정규직) 모집,학력무관,경력 2년↑ · 계약직,2024.12.16,"SE(시스템엔지니어),솔루션,C++,C언어,Python"
(주)벨아이앤에스,공공분야 개발 및 운영 유지보수 / 사업지원 직원 채용,고졸↑,신입 · 경력 · 정규직 외,2024.12.18,"백엔드/서버개발,정보보안,정보통신,RDBMS,Java"
한국전광(주),[GST] 전원공급장치 H/W 연구개발 경력 채용,학력무관,경력 5년↑ · 정규직,2024.01.02,"앱개발,웹개발,유지보수,퍼블리셔,SI개발"
(주)엔비솔루션,종근당 전산실 그룹웨어 정규직 경력자 채용,학력무관,경력 5년↑ · 정규직 외,2024.12.26,"백엔드/서버개발,보안컨설팅,앱개발,웹개발,유지보수"
한국장애인고용공단,"[한국전광]광학설계, 기구설계, 전자하드웨어, 펌웨어 채용","대학(2,3년)↑",경력 8년↑ · 정규직,2024.12.08,"데이터엔지니어,앱개발,유지보수,SE(시스템엔지니어),SI개발"
대성공업(주),[장비 제조업] 자동화 설비 엔지니어 부문(전장설계/FAE),"대학(2,3년)↑",경력 · 정규직,2024.12.08,"웹개발,ASP,ASP.NET,C#,HTML"
(주)아남아이티,"2025년 기업채용연계형 씨앗 훈련생 모집(경영지원, SW개발, 제조테스트)",학력무관,경력무관 · 정규직,2024.12.29,"영상처리,임베디드,펌웨어,H/W,MCU"
(주)동일캔바스엔지니어링,(관리/품질)자동차부품 각 부서별 우수인재 모집,"대학(2,3년)↑",경력 · 정규직,2024.02.02,"기술지원,FAE,A/S기사,기계수리,기술엔지니어"
시큐레터(주),웹 솔루션 기술 분야 경력직 채용,고졸↑,경력무관 · 교육생,2024.12.08,"AWS,C#,C++,Java,Javascript"
(주)동일캔바스엔지니어링,파견 엔지니어(경력) 모집,"대학(2,3년)↑",경력 · 정규직,2024.12.30,"SE(시스템엔지니어),네트워크,방화벽,ERP,4대보험"
시큐레터(주),하반기 정규직 인원 大 모집 (사세 확장),대학교(4년)↑,경력 3년↑ · 정규직,2024.12.17,"백엔드/서버개발,프론트엔드,Git,Java,JSP"
(주)에이젝코리아,각 분야 채용,"대학(2,3년)↑",2 ~ 3년 · 정규직 외,2024.12.13,"기술지원,백엔드/서버개발,보안컨설팅,유지보수,정보보안"
(주)세스코,하반기 정규직 인원 大 모집 (사세 확장),"대학(2,3년)↑",경력 · 정규직,2024.12.30,"SE(시스템엔지니어),네트워크,방화벽,ERP,4대보험"
(주)웰데이타시스템,각 분야 채용,대학교(4년)↑,경력 3년↑ · 정규직,2024.12.17,"백엔드/서버개발,프론트엔드,Git,Java,JSP"
(주)맨파워그룹코리아,[여의도/중견기업] 유지보수/헬프데스크,"대학(2,3년)↑",2 ~ 3년 · 정규직 외,2024.12.13,"기술지원,백엔드/서버개발,보안컨설팅,유지보수,정보보안"
(주)맨파워그룹코리아,(주)세스코 개인정보보호 담당,고졸↑,신입 · 경력 · 정규직 외,2024.12.17,"유지보수,사무직,총무,문서작성,비품관리"
(주)웰데이타시스템,"[AWS, KT, Naver 클라우드 매니지드/ 기술운영/ TA, AA] 채용",대학교(4년)↑,경력 3년↑ · 정규직,2024.12.18,"기술지원,백엔드/서버개발,보안컨설팅,정보보안,DBA"
(주)웰데이타시스템,[잠실/재택병행] 우아한형제들 네트워크 보안 운영 담당 채용,고졸↑,신입 · 정규직,2024.12.20,"기술지원,H/W,복합기,유지보수"
(주)웰데이타시스템,[여의도] 일본계 전자디바이스 수입기업 기술지원 채용,대학교(4년)↑,경력무관 · 정규직,2024.12.15,"보안컨설팅,정보통신,취약점진단,법정의무교육,정보보호교육"
주식회사드림캐쳐스,클라우드 컨설팅/ 기술영업/  공공영업/제안/수행 채용,고졸↑,경력무관 · 정규직 외,2024.01.06,"백엔드/서버개발,정보보안,SE(시스템엔지니어),네트워크,IDC"
(주)웰데이타시스템,"야간당직 기술운영 [AWS, Aznure, KT, Naver 클라우드 매니지드]",학력무관,경력(년수무관) · 계약직 외,2024.12.30,"정보보안,ICT컨설팅,네트워크,솔루션,트러블슈팅"
(주)제이비케이랩,"[Azure, AKS,  클라우드 매니지드/ 기술운영/ TA, AA] 채용","대학(2,3년)↑",경력무관 · 계약직 외,2024.12.20,"기술지원,데이터분석가,데이터엔지니어,데이터라벨링,데이터마이닝"
셀렉트스타(주),경기도 공공배달 플랫폼 가맹점 운영 관리지원 (사무직),"대학(2,3년)↑",경력무관 · 정규직 외,2024.01.06,"IT컨설팅,AWS,네트워크영업,솔루션기술영업,시스템영업"
베스핀글로벌(주),"영업관리, 지원/ 사업관리, 지원/  공공사업 관리,지원/  채용",고졸↑,경력무관 · 정규직 외,2024.01.06,"백엔드/서버개발,정보보안,SE(시스템엔지니어),네트워크,IDC"
베스핀글로벌(주),IT팀 경력직 채용 (사원~대리 급),고졸↑,경력 1년↑ · 정규직 외,2024.01.06,"백엔드/서버개발,정보보안,SE(시스템엔지니어),네트워크,IDC"
베스핀글로벌(주),[데이터 라벨링/재택] RLHF 대화문 작업자/글쓰기 능력,학력무관,경력무관 · 정규직 외,,"기술지원,검색엔진,문서작성,사무보조,사무행정"
베스핀글로벌(주),Back-end Developer 영입,고졸↑,경력무관 · 정규직 외,2024.01.06,"기술지원,ICT컨설팅,정보통신,클라우드,영업관리"
베스핀글로벌(주),Cloud SA 담당자 영입(SRE 1팀),학력무관,경력 1년↑ · 정규직,,"기술지원,유지보수"
베스핀글로벌(주),TA 영입,학력무관,경력무관 · 프리랜서,2024.01.04,"데이터라벨링,챗봇"
주식회사로아,DevOps Engineer 담당자 영입,대학교(4년)↑,경력 3년↑ · 정규직,,"백엔드/서버개발,모델링,솔루션,클라우드,API"
(주)비엔케이시스템,Fine-tuning 담당자 영입,대학교(4년)↑,경력 6년↑ · 정규직,,"클라우드,DevOps,IDC,아키텍쳐,AWS"
티디케이한국(주),RAG 담당자 영입,대학교(4년)↑,경력 3년↑ · 정규직,,"인프라,클라우드,네트워크,솔루션,S/W"
쿠어스텍코리아(유),인공지능 모델 개발 신입 모집,대학교(4년)↑,경력 5년↑ · 정규직,,"앱개발,클라우드,DevOps,AWS,Azure"
(주)에스제이그룹,2025년도 상반기 신입직원 채용공고,대학교(4년)↑,경력 1년↑ · 정규직,,"DBA,AI(인공지능),머신러닝,클라우드,AWS"
(주)소프트위드솔루션,[본사] 사무/기술/생산 부문 정규직 신입ㆍ경력 인력 공개채용,대학교(4년)↑,경력 1년↑ · 정규직,2024.01.02,"DBA,AI(인공지능),머신러닝,클라우드,AWS"
(주)소프트위드솔루션,[외국계/구미] 쿠어스텍코리아(유) IT Specialist 신입/경력 채용,"대학(2,3년)↑",신입 · 정규직,2024.12.13,"AI(인공지능),머신러닝,Python,Tensorflow"
(주)대륜,총무팀(IT 구매/일반관리) 담당자 채용,학력무관,신입 · 경력 · 정규직,2024.12.15,"데이터엔지니어,보안컨설팅,앱개발,웹개발,정보보안"
(주)하이텔레서비스,[ABInBev Korea 오비맥주] System Integration Manager,고졸↑,신입 · 경력 · 정규직,2024.12.18,"기술지원,FAE,컴플라이언스,경영지원,채용담당자"
(주)피아이이,"서버, 네트워크, 보안솔루션  엔지니어 (경력직)",대학교(4년)↑,신입 · 경력 · 정규직,,"기술지원,백엔드/서버개발,IT컨설팅,네트워크,VisualBasic"
(주)위포,보안솔루션 엔지니어 (신입),대학교(4년)↑,경력 1년↑ · 정규직,2024.01.04,"데이터분석가,유지보수,네트워크,솔루션,인프라"
(주)마텍무역,홍보마케팅팀 부문별 채용,대학교(4년)↑,5 ~ 8년 · 정규직,,"기술지원,IT컨설팅,SE(시스템엔지니어),네트워크,ERP"
중앙일보(주),[LG그룹] 하이텔레서비스 재경파트 회계/결산 담당자 채용(계약직),대학교(4년)↑,2 ~ 4년 · 정규직,2024.02.05,"기술지원,정보보안,네트워크,방화벽,솔루션"
한국로슈진단(주),㈜피아이이 하반기 경력사원 공개채용,대학교(4년)↑,신입 · 정규직,2024.02.05,"기술지원,정보보안,SE(시스템엔지니어),네트워크,솔루션"
에이치제이네트웍스,소프트웨어 영업 / 시스템 및 솔루션 엔지니어 채용,대학교(4년)↑,신입 · 경력 · 정규직 외,2024.12.20,"데이터분석가,데이터엔지니어,검색엔진,빅데이터,문서작성"
에이치제이네트웍스,2024년 기술영업/기술엔지니어 신입•경력 채용,"대학(2,3년)↑",경력 3년↑ · 계약직,2024.12.12,"SAP,감사,전산회계,IR/공시,관리회계"
이제너두(주),[중앙일보] 플랫폼개발팀 백엔드개발 경력 채용,"대학(2,3년)↑",경력 · 정규직 외,2024.12.31,"기술지원,데이터분석가,데이터엔지니어,앱개발,유지보수"
(주)에너토크,각 부문별 직원 채용,학력무관,신입 · 경력 · 정규직,2024.12.09,"데이터분석가,데이터엔지니어,유지보수,정보보안,SE(시스템엔지니어)"
(주)유엔에이엔지니어링,BackEnd 개발 경력자 모집 (판교),"대학(2,3년)↑",신입 · 경력 · 정규직,2024.12.12,"영상처리,사이트관리,콘텐츠관리,기술영업,영업관리"
(주)드림하이테크,HR 인사업무 개발 경력자 모집 (안국역),대학교(4년)↑,3 ~ 10년 · 정규직,2024.12.15,"백엔드/서버개발,웹개발,유지보수,클라우드,AI(인공지능)"
씨제이포디플렉스(주),2024년 각 부문 신입·경력 채용,대학교(4년)↑,신입 · 경력 · 정규직,2024.12.15,"기술지원,데이터엔지니어,유지보수,IT컨설팅,SE(시스템엔지니어)"
코스텍시스템(주),"각 분야별 신입 / 경력 채용 (생산팀, 기업부설 연구소)","대학(2,3년)↑",경력 7년↑ · 프리랜서,2024.12.13,"SI개발,AWS,Node.js,RestAPI,API"
주식회사 대륜,신입 및 경력직원 채용공고,"대학(2,3년)↑",6 ~ 9년 · 프리랜서,2024.12.11,"SI개발,Java,JSP,MySQL,Spring"
(주)엠쓰리모바일,영업팀/기술지원팀/운영지원팀 직원모집,"대학(2,3년)↑",신입 · 경력 · 정규직 외,2024.12.31,"백엔드/서버개발,네트워크,방화벽,DLP,UTM"
에이치제이네트웍스,[CJ그룹 계열사] CJ 4DPLEX 소프트웨어 품질 검증 경력직 채용,"대학(2,3년)↑",신입 · 경력 · 정규직,2024.12.17,"펌웨어,C#,C++,C언어,CSS"
(주)티엑스알로보틱스,반도체 장비 회사 채용(설계/공정/로봇/SW),학력무관,신입 · 경력 · 정규직 외,2024.12.28,"기술지원,백엔드/서버개발,웹마스터,유지보수,정보보안"
한국이콜랩(유),[상시채용] 서울 개발팀 각 부문별 경력직,학력무관,신입 · 경력 · 정규직,2024.12.21,"기술지원,영업관리,영업지원,거래처관리,유지보수"
한화호텔앤드리조트(주),(주)엠쓰리모바일 기구설계담당 정규직 경력직원 채용,학력무관,경력 · 정규직,2024.12.12,"게임개발,Windows,Linux,스크립트"
(주)인피닉,모바일 개발 경력자 모집 (판교),학력무관,3 ~ 15년 · 정규직,2024.01.02,"S/W,C++,C언어,로봇엔지니어,로봇설계"
한국이콜랩(유),2024년 하반기 상시채용 모집,대학교(4년)↑,경력무관 · 정규직,,"데이터분석가,백엔드/서버개발,앱개발,웹개발,API"
한화호텔앤드리조트(주),[외국계 화학] 각 부문 신입/경력 채용,"대학(2,3년)↑",신입 · 경력 · 정규직,2024.12.28,"SE(시스템엔지니어),음성인식,임베디드,정보통신,펌웨어"
(주)인피닉,[한화H&R/에스테이트] 웹 개발 담당자 주니어급 경력직 채용,"대학(2,3년)↑",5 ~ 9년 · 계약직 외,2024.12.13,"API,CSS,HTML,Javascript,React"
(주)제이에스티,[인피닉] 영업 담당자 모집,학력무관,경력무관 · 정규직,2024.12.08,"임베디드,자율주행,클라우드,H/W,아키텍쳐"
(주)지아이티,[외국계 화학] 각 부문 신입/경력 채용,"대학(2,3년)↑",신입 · 경력 · 정규직 외,2024.12.31,"백엔드/서버개발,네트워크,방화벽,DLP,UTM"
(주)맨파워그룹코리아,[한화H&R/에스테이트] 웹 개발 담당자 주니어급 경력직 채용,"대학(2,3년)↑",신입 · 경력 · 정규직,2024.12.17,"펌웨어,C#,C++,C언어,CSS"
신성통상(주),[인피닉] 영업 담당자 모집,학력무관,신입 · 경력 · 정규직 외,2024.12.28,"기술지원,백엔드/서버개발,웹마스터,유지보수,정보보안"
(주)맨파워그룹코리아,2024년 하반기 각 부문별 직원채용,학력무관,신입 · 경력 · 정규직,2024.12.21,"기술지원,영업관리,영업지원,거래처관리,유지보수"
(주)칼리버스,현대자동차그룹 (주)지아이티 연구소/사업실 대규모 수시채용,학력무관,경력 · 정규직,2024.12.12,"게임개발,Windows,Linux,스크립트"
(주)글로벌모터서비스,[신용산] 글로벌 의약품 유통 기업 IT 헬프데스크(9M),학력무관,3 ~ 15년 · 정규직,2024.01.02,"S/W,C++,C언어,로봇엔지니어,로봇설계"
(주)인지이솔루션,신성통상(주) WEB FRONT 개발자 경력채용(DP프론트개발팀),대학교(4년)↑,경력무관 · 정규직,,"데이터분석가,백엔드/서버개발,앱개발,웹개발,API"
(주)래딕스,[봉은사역] 글로벌 탑티어 컨설팅펌 Technical Assistant 채용,"대학(2,3년)↑",신입 · 경력 · 정규직,2024.12.28,"SE(시스템엔지니어),음성인식,임베디드,정보통신,펌웨어"
(주)리더마인,[칼리버스] 2024년 Modeling(Asset) 경력 인재 영입,"대학(2,3년)↑",5 ~ 9년 · 계약직 외,2024.12.13,"API,CSS,HTML,Javascript,React"
(주)건담앤컴퍼니,[영어필수 / 신입] Test Engineer 모집,학력무관,경력무관 · 정규직,2024.12.08,"임베디드,자율주행,클라우드,H/W,아키텍쳐"
(주)데이터쿡,[대전]리튬팩 전문기업 경력사원 모집 (H/W),고졸↑,신입 · 경력 · 정규직 외,2024.12.15,"백엔드/서버개발,보안컨설팅,유지보수,정보보안,네트워크"
데상트코리아(주),PC 제어 프로그래머(FA) 채용공고 경력 채용,대학교(4년)↑,경력 3년↑ · 계약직,2024.01.12,"백엔드/서버개발,웹개발,유지보수,Java,JSP"
동아화성(주),웹에이전시 프론트개발 팀장 채용,학력무관,경력 5년↑ · 정규직,2024.12.08,"AI(인공지능),영업직,영업MD,영업마케팅,영업전략"
(주)유아이에스,[정보보안] 공공기관 운영 및 유지관리 사업 상주 PM,고졸↑,신입 · 경력 · 정규직 외,2024.01.10,"컴퓨터비전,공정엔지니어,설계엔지니어,공정설계,기구설계"
동성인재개발교육원,웹개발 (정규직) 모집,학력무관,경력 · 인턴직,2024.12.31,"백엔드/서버개발,앱개발,웹개발,웹마스터,유지보수"
(주)드림텍,각 부문별 경력사원 모집,"대학(2,3년)↑",경력 2년↑ · 계약직 외,,"기술지원,유지보수,정보보안,IT컨설팅,SE(시스템엔지니어)"
(주)에이블리,동아화성(주) 2024년 하반기 신입 및 경력직원 모집,대학교(4년)↑,7 ~ 12년 · 정규직,2024.12.12,"AWS,CSS,HTML,Java,PostgreSQL"
신일제약(주),"IT 시스템 엔지니어(서버, 가상화, 클라우드) 신입 및 경력 채용","대학(2,3년)↑",경력무관 · 계약직 외,2024.12.16,"기술지원,유지보수,IT컨설팅,네트워크,솔루션"
(주)네오랩컨버전스,[국비무료]무역/물류 실무자 취업률100%(고용24)훈련생 모집,학력무관,경력 3년↑ · 정규직,,"VR(가상현실),2D디자인,3D디자인,Maya,Substance"
(주)지란지교시큐리티,(주)드림텍 2024년 4분기 연구·개발부문 채용,학력무관,신입 · 경력 · 정규직,2024.12.26,"QA/테스터,연구원,R&D,자율주행,SQA"
(주)드림텍,반도체장비 연구소 & 엔지니어 & 제조기술 부문별 신입 및 경력사원 채용,"대학(2,3년)↑",경력 5년↑ · 정규직,2024.02.01,"기술지원,백엔드/서버개발,프론트엔드,SE(시스템엔지니어),네트워크"
(주)가스트론,신일제약㈜ 2024년 하반기 수시채용,"대학(2,3년)↑",5 ~ 15년 · 정규직,2024.01.01,"기술지원,유지보수,SE(시스템엔지니어),SI개발,C#"
(주)비투엔,[NeoLAB] 해외사업/상품기획/프론트엔드/생산기술 경력직 채용,학력무관,경력무관 · 정규직,2024.01.04,"프론트엔드,API,CSS,Git,HTML"
네이버시스템(주),킨코스코리아(주) 영업부문/디자이너 경력직 채용,"대학(2,3년)↑",경력 5년↑ · 정규직 외,2024.01.04,"유지보수,정보보안"
(주)에이치제이,지란지교시큐리티 각 부문별 인재 채용,학력무관,경력 5년↑ · 정규직,2024.01.06,"앱개발,웹개발,유지보수,SI개발"
(주)비아이지엠,(주)드림텍 2024년 4분기 관리·제조부문 채용,"대학(2,3년)↑",경력 · 정규직,2024.12.31,"앱개발,웹개발,유지보수,정보보안,DBA"
(주)크레이버코퍼레이션,각 부문별 신입/경력사원 모집,"대학(2,3년)↑",신입 · 경력 · 정규직,2024.12.31,"ASP.NET,Java,Javascript,MSSQL,총무"
(주)메디코슨,[비투엔] 데이터 솔루션 및 SI 영업 담당자 채용,대학교(4년)↑,신입 · 경력 · 정규직,2024.12.31,"프론트엔드,SE(시스템엔지니어),방화벽,DBMS,DLP"
쿠팡풀필먼트서비스(유),웹개발 / 서비스기획  경력직 채용,학력무관,경력무관 · 교육생,2024.12.26,"데이터분석가,데이터엔지니어,백엔드/서버개발,앱개발,웹개발"
(주)에이치알에스,재귀반사1위기업 연구개발/제조/구매총무/국내·해외영업/전산,대학교(4년)↑,경력 · 정규직,2024.12.15,"임베디드,정보통신,펌웨어,MCU,AWS"
나이스피앤아이(주),(주)BIGM 직군별 모집 [웹디자이너] [영상 편집자] [인사/총무],고졸↑,신입 · 경력 · 정규직,2024.12.31,"QA/테스터,SE(시스템엔지니어),FPGA,C#,C++"
주식회사 스포츠시그널,[ Craver ] 글로벌 뷰티 화장품 브랜드 SKIN1004 해외 서구권 인플루언서 마케팅 경력직 채용,학력무관,신입 · 경력 · 정규직,2024.12.10,"유지보수,SE(시스템엔지니어),네트워크,인프라,ERP"
(주)이티에스,2025년 상반기 각 부문 채용,대학교(4년)↑,신입 · 경력 · 정규직,2024.12.31,"프론트엔드,CSS,HTML,Java,Javascript"
(주)코디,[쿠팡 CFS] 2024 4분기 자동화설비보전 대규모 공개채용,고졸↑,경력 · 정규직,2024.12.10,"기술지원,원가관리,원가회계,사무직,총무"
뉴클(주),"2024년 하반기 신입, 경력 사원 모집",학력무관,신입 · 경력 · 정규직,2024.12.17,"기술지원,백엔드/서버개발,보안컨설팅,유지보수,정보보안"
(주)지에스티,나이스피앤아이 2024년 4분기 공개채용,대학교(4년)↑,신입 · 경력 · 정규직,2024.12.15,"백엔드/서버개발,인프라,DLP,SAP,C++"
(주)나라스페이스테크놀로지,[신입/경력] 스포츠 통계분석에 열정 가득한 인재를 모십니다.,학력무관,신입 · 경력 · 정규직,2024.12.29,"H/W,S/W,C#,C++,C언어"
뉴클(주),2024년 부문별 신입/경력직 모집,"대학(2,3년)↑",경력 3년↑ · 정규직,,"데이터분석가,데이터엔지니어,IT컨설팅,데이터 사이언티스트,유지보수"
(주)하이브랩,색조화장품전문기업 (주)코디 부문별 신입/경력 채용,"대학(2,3년)↑",경력 3년↑ · 정규직,2024.02.04,"웹개발,유지보수,반응형웹,빅데이터,웹표준·웹접근성"
(재)만불회,"뉴미디어 콘텐츠 기획 및 영상 크리에이터(경력, 신입) 모집","대학(2,3년)↑",신입 · 경력 · 정규직,2024.12.31,"유지보수,네트워크,ERP,AWS,Azure"
(주)일신비츠온,스마트팩토리 - C# / MS SQL 개발 모집(부산),학력무관,경력(년수무관) · 정규직,2024.12.19,"CSS,채용담당자,급여(Payroll),채용공고관리,영상제작"
(주)두원전자통신,[NARA SPACE] 각 부문별 직원모집,대학교(4년)↑,경력 · 정규직,2024.01.09,"데이터분석가,데이터엔지니어,Python,SQL,콘텐츠관리"
한양이엔지(주),AI 활용 풀스텍 웹 개발 크리에이터  [경력무관] 모집,학력무관,신입 · 경력 · 정규직,2024.12.15,"임베디드,펌웨어,H/W,S/W,Android"
윈덤그랜드부산,[하이브랩] 경력 2년 이상 AEM 개발자 모집,학력무관,신입 · 경력 · 정규직,2024.12.21,"유지보수,시설관리,설비점검,기계조작원,설비OP"
센소파트코리아(주),"경리,행정,전산,편집디자인,영상,유튜브,만불신문편집,만불출판편집,TM사원 직원채용",학력무관,신입 · 경력 · 정규직,2024.12.19,"기술지원,더존,4대보험,급여(Payroll),원천세신고"
,각부문 신입/경력 사원 공개채용,대학교(4년)↑,신입 · 경력 · 정규직,2024.12.08,"데이터분석가,데이터엔지니어,백엔드/서버개발,유지보수,프론트엔드"
,각 분야별 신입/경력사원 모집,대학교(4년)↑,경력무관 · 정규직,,"데이터분석가,데이터라벨링,데이터마이닝,빅데이터,스포츠에이전트"
,한양이엔지㈜ 부문별 수시채용 직원모집,학력무관,신입 · 경력 · 정규직 외,2024.12.31,"백엔드/서버개발,SI개발,관리회계,법인결산,법인세신고"
,[윈덤그랜드부산] - 5성급 호텔 신입/경력 채용,"대학(2,3년)↑",신입 · 경력 · 정규직,2024.12.17,"정보보안,네트워크,IR/공시,법인결산,재무제표"
,외국계기업 Application Engineer(로봇/머신비전) 정규직,대학교(4년)↑,신입 · 경력 · 정규직,2024.01.06,"VR(가상현실),에디터,영상디자이너,작가,뉴미디어"
